B,H,baseline_ms,baseline_tflops,v1_status,v1_ms,v1_tflops,v1_latency_over_baseline,v1_tflops_over_baseline
1,1,0.182387,11.7743,PASS,0.955544,2.24739,5.239,0.191
1,2,0.480005,8.94776,PASS,1.5394,2.79003,3.207,0.312
1,4,1.04399,8.22801,PASS,2.19292,3.91712,2.101,0.476
2,1,0.480144,8.94517,PASS,1.53847,2.79171,3.204,0.312
2,2,1.04367,8.23048,PASS,2.19923,3.90588,2.107,0.475
2,4,2.03474,8.44328,PASS,4.36093,3.9395,2.143,0.467
4,1,1.04375,8.22989,PASS,2.19945,3.9055,2.107,0.475
4,2,2.03543,8.4404,PASS,4.3614,3.93907,2.143,0.467
4,4,4.07881,8.42395,PASS,7.95335,4.32016,1.950,0.513
